https://idss.mit.edu/academics/ses_doc/
https://idss.mit.edu/staff/david-simchi-levi/
https://idss.mit.edu/staff/dean-eckles/
https://idss.mit.edu/staff/john-sterman/
https://idss.mit.edu/staff/patrick-jaillet/
https://idss.mit.edu
https://idss.mit.edu/engage/idss-strategic-partnerships/strategic-partnerships-in-research/
https://idss.mit.edu/research/collaborations/
https://idss.mit.edu/calendars/category/other-events/?tribe_paged=1&tribe_event_display=past
https://idss.mit.edu/staff/teppei-yamamoto/
https://idss.mit.edu/engage/idss-strategic-partnerships/
https://idss.mit.edu/contact/
https://idss.mit.edu/research/
https://idss.mit.edu/staff/sinan-aral/
https://idss.mit.edu/about-us/leadership/
https://pliang279.github.io/
https://idss.mit.edu/staff/themistoklis-sapsis/
https://idss.mit.edu/staff/daron-acemoglu/
https://stat.mit.edu/academics/minor-in-statistics/
https://idss.mit.edu/staff/christine-ortiz/
https://idss.mit.edu/staff/f-daniel-hidalgo/
https://idss.mit.edu/staff/g-david-forney/
https://idss.mit.edu/staff/suvrit-sra-2/
https://idss.mit.edu/calendars/category/ids-190-topics-in-bayesian-modeling-and-computation/?tribe_paged=1&tribe_event_display=past
https://idss.mit.edu/research/research-domains/social-networks/
https://idss.mit.edu/staff/polina-golland/
https://idss.mit.edu/research/research-domains/energy-systems/
https://idss.mit.edu/calendars/category/idss-distinguished-seminar-series/
https://idss.mit.edu/staff/tawanna-dillahunt/
https://idss.mit.edu/staff/deb-roy/
https://computing.mit.edu/
https://idss.mit.edu/about-us/visiting-committee/
https://idss.mit.edu/staff/crystal-lee/
https://stat.mit.edu/academics/idps/
https://idss.mit.edu/people/?category=faculty
https://idss.mit.edu/staff/noelle-selin/
https://idss.mit.edu/calendars/category/online-events/
https://idss.mit.edu/calendars/category/idss-special-seminars/?tribe_paged=1&tribe_event_display=past
https://idss.mit.edu/staff/guy-bresler/
https://idss.mit.edu/staff/christopher-knittel/
https://idss.mit.edu/research/collaborations/icsr/
https://idss.mit.edu/academics/idssx/data-science-machine-learning-making-data-driven-decisions/
https://idss.mit.edu/staff/jaime-peraire/
https://idss.mit.edu/news-events/the-news/
http://amaatouq.io/
https://idss.mit.edu/staff/navid-azizan/
https://idss.mit.edu/staff/roy-welsch/
https://idss.mit.edu/research/research-domains/finance/
https://idss.mit.edu/engage/giving/
https://idss.mit.edu/staff/luca-carlone/
https://accessibility.mit.edu
https://idss.mit.edu/staff/rahul-mazumder/
https://idss.mit.edu/academics/ses_doc/ses-graduates/
http://www.miba.dev/
https://idss.mit.edu/staff/richard-nielsen/
https://idss.mit.edu/calendars/category/research-to-policy/?tribe_paged=1&tribe_event_display=past
https://idss.mit.edu/academics/micromasters-program-in-statistics-and-data-science-sds/
https://idss.mit.edu/staff/stuart-madnick/
https://idss.mit.edu/engage/idss-strategic-partnerships/strategic-partnerships-in-education/
https://idss.mit.edu/calendars/category/research-to-policy/
https://idss.mit.edu/engage/alumni/
https://idss.mit.edu/research/labs-and-centers/
https://idss.mit.edu/staff/gregory-wornell/
https://idss.mit.edu/academics/ses_doc/ses-program-and-resources/
https://idss.mit.edu/staff/devin-caughey/
https://idss.mit.edu/about-us/
https://idss.mit.edu/staff/alex-sandy-pentland/
https://idss.mit.edu/staff/john-tsitsiklis/
https://idss.mit.edu/news-events/newsletters/
https://idss.mit.edu/staff/yury-polyanskiy/
https://idss.mit.edu/calendars/category/conferences-and-workshops/?tribe_paged=1&tribe_event_display=past
http://catalog.mit.edu/subjects/ids/
https://idss.mit.edu/news-events/
https://idss.mit.edu/engage/idss-alliance/
https://idss.mit.edu/people/ad-staff/
https://idss.mit.edu/academics/
https://idss.mit.edu/calendars/category/conferences-and-workshops/
https://idss.mit.edu/about-us/external-advisory-board/
https://idss.mit.edu/calendars/category/other-events/
https://idss.mit.edu/staff/nicholas-ashford/
https://idss.mit.edu/staff/martin-wainwright/
https://idss.mit.edu/staff/elchanan-mossel/
https://idss.mit.edu/research/our-approach/
https://idss.mit.edu/staff/alessandro-bonatti/
https://idss.mit.edu/staff/moe-win/
https://idss.mit.edu/staff/sertac-karaman/
https://idss.mit.edu/engage/idss-alliance/great-learning/
https://idss.mit.edu/staff/jinhua-zhao/
https://idss.mit.edu/calendar
https://meche.mit.edu/people/faculty/faez@MIT.EDU
https://idss.mit.edu/calendar/?tribe_paged=1&tribe_event_display=past
https://idss.mit.edu/staff/robert-c-berwick/
https://idss.mit.edu/academics/idss-student-council/
https://idss.mit.edu/staff/emery-brown/
https://idss.mit.edu/staff/roberto-rigobon/
https://idss.mit.edu/staff/philippe-rigollet/
https://idss.mit.edu/academics/ses_doc/ses-statistics/
https://idss.mit.edu/staff/pablo-parrilo/
https://idss.mit.edu/staff/sherrie-wang/
https://idss.mit.edu/staff/fotini-christia-2-3/
https://idss.mit.edu/people/?category=senior_research_staff
https://idss.mit.edu/research/research-domains/
https://idss.mit.edu/research/collaborations/idss-covid-19-collaboration-isolat/
https://idss.mit.edu/calendars/category/idss-distinguished-seminar-series/?tribe_paged=1&tribe_event_display=past
https://idss.mit.edu/staff/susan-silbey/
https://idss.mit.edu/staff/richard-larson/
https://devavrat.mit.edu/
https://idss.mit.edu/staff/victor-chernozhukov/
https://idss.mit.edu/academics/ses_doc/news/
https://idss.mit.edu/staff/alan-willsky/
https://web.mit.edu
https://idss.mit.edu/staff/ali-jadbabaie/
https://idss.mit.edu/academics/idssx/online-programs-and-short-courses/
https://idss.mit.edu/staff/lawrence-sass/
https://idss.mit.edu/staff/sarah-williams/
https://idss.mit.edu/staff/d-fox-harrell/
https://idss.mit.edu/calendars/category/ids-190-topics-in-bayesian-modeling-and-computation/
https://idss.mit.edu/staff/nazil-choucri/
https://idss.mit.edu/staff/ramesh-raskar/
https://idss.mit.edu/staff/hamsa-balakrishnan/
https://idss.mit.edu/staff/david-gamarnik/
https://idss.mit.edu/staff/rahul-bhui/
https://idss.mit.edu/staff/adam-j-berinsky/
https://idss.mit.edu/staff/gilbert-strang/
https://idss.mit.edu/staff/andrew-lo/
https://idss.mit.edu/people/
https://idss.mit.edu/about-us/diversity/
https://idss.mit.edu/about-us/opportunities/
https://idss.mit.edu/staff/alexander-sasha-rakhlin/
https://idss.mit.edu/staff/munther-dahleh/
https://idss.mit.edu/staff/dimitri-p-bertsekas/
https://idss.mit.edu/staff/stefanie-jegelka/
https://idss.mit.edu/news-events/the-news/podcast-data-nation/
https://idss.mit.edu/staff/whitney-newey/
https://idss.mit.edu/staff/dava-newman/
https://idss.mit.edu/research/seed-funds/
https://idss.mit.edu/staff/youssef-marzouk/
https://idss.mit.edu/staff/david-g-rand/
https://idss.mit.edu/
https://idss.mit.edu/people/?category=research-staff
https://idss.mit.edu/staff/stephen-graves/
https://idss.mit.edu/staff/asuman-ozdaglar/
https://idss.mit.edu/staff/michael-williams/
https://cheme.mit.edu/profile/sungho-shin/
https://idss.mit.edu/calendars/category/stochastics-and-statistics-seminar-series/?tribe_paged=1&tribe_event_display=past
https://idss.mit.edu/staff/cathy-wu/
https://idss.mit.edu/research/research-domains/health-care/
https://idss.mit.edu/engage/
https://idss.mit.edu/staff/yossi-sheffi/
https://idss.mit.edu/research/research-domains/urban-systems/
https://idss.mit.edu/staff/esther-duflo-2/
https://idss.mit.edu/staff/caroline-uhler/
https://idss.mit.edu/staff/in-song-kim/
https://idss.mit.edu/calendars/category/stochastics-and-statistics-seminar-series/
https://idss.mit.edu/staff/hazhir-rahmandad/
https://idss.mit.edu/staff/jean-jacques-slotine/
https://idss.mit.edu/staff/jessika-trancik/
https://idss.mit.edu/staff/daniel-varon/
https://idss.mit.edu/academics/ses_doc/ses-funding/
https://idss.mit.edu/staff/alberto-abadie/
https://idss.mit.edu/people/directory/
https://idss.mit.edu/staff/gioele-zardini/
https://idss.mit.edu/staff/tamara-broderick/
https://idss.mit.edu/engage/idss-alliance/one-league/
https://idss.mit.edu/staff/richard-de-neufville/
https://idss.mit.edu/staff/anette-peko-hosoi/
https://idss.mit.edu/staff/robert-freund/
https://idss.mit.edu/staff/tommi-jaakkola/
https://idss.mit.edu/staff/daniel-hastings/
https://idss.mit.edu/calendars/category/idss-special-seminars/
https://idss.mit.edu/staff/jesse-thaler/
https://idss.mit.edu/academics/ses_doc/app-faq/
https://idss.mit.edu/staff/olivier-de-weck/
https://idss.mit.edu/staff/daniel-roos/
https://idss.mit.edu/staff/vicky-chuqiao-yang/
https://idss.mit.edu/staff/kenneth-oye/
https://idss.mit.edu/staff/eytan-modiano/
http://tpp.mit.edu
https://idss.mit.edu/staff/christopher-magee/
https://idss.mit.edu/academics/idssx/
https://idss.mit.edu/staff/tavneet-suri/
https://idss.mit.edu/calendars/category/online-events/?tribe_paged=1&tribe_event_display=past
https://idss.mit.edu/staff/charles-stewart-iii/
https://idss.mit.edu/newsletter/
https://idss.mit.edu/staff/ankur-moitra/
https://idss.mit.edu/staff/alexandre-megretski/
https://idss.mit.edu/staff/david-sontag/
https://idss.mit.edu/staff/saurabh-amin/
https://idss.mit.edu/people/?category=grad_students
https://aeroastro.mit.edu/people/sertac-karaman/
https://aeroastro.mit.edu/people/masha-folk/
https://aeroastro.mit.edu
https://aeroastro.mit.edu/people/?exposed_opus_search&exposed_taxonomy_directory_person_role%5B0%5D=33&exposed_opus_directory_sort=name_asc#038;exposed_taxonomy_directory_person_role%5B0%5D=33&exposed_opus_directory_sort=name_asc
https://aeroastro.mit.edu/education/graduate-degrees-requirements/
https://aeroastro.mit.edu/people/daniel-e-hastings/
https://aeroastro.mit.edu/people/jaime-peraire/
https://aeroastro.mit.edu/people/julie-shah/
https://aeroastro.mit.edu/people/moe-z-win/
https://aeroastro.mit.edu/private-events/
https://aeroastro.mit.edu/people/mark-drela/
https://dspace.mit.edu/discover?field=department&scope=1721.1/7582&filtertype=department&filter_relational_operator=authority&filter=c81c47d583eafabf10edb31f249de3b6
https://aeroastro.mit.edu/people/dava-j-newman/
https://mitadmissions.org/apply/
https://aeroastro.mit.edu/research-areas/human-system-collaboration/
https://aeroastro.mit.edu/education/
https://registrar.mit.edu/calendar
https://aeroastro.mit.edu/support/
https://aeroastro.mit.edu/faculty/#content
https://aeroastro.mit.edu/people/brian-l-wardle/
https://aeroastro.mit.edu/about-us/employment/
https://aeroastro.mit.edu/people/sara-seager/
https://aeroastro.mit.edu/people/carmen-guerra-garcia/
https://aeroastro.mit.edu/education/undergraduate-degrees-requirements/objectives-outcomes/
https://aeroastro.mit.edu/people/luca-carlone/
https://aeroastro.mit.edu/news-impact/?Keywords&exposed_taxonomy_news_category%5B0%5D=25
https://aeroastro.mit.edu/people/?exposed_opus_search&exposed_taxonomy_directory_person_role%5B0%5D=38&exposed_opus_directory_sort=name_asc#038;exposed_taxonomy_directory_person_role%5B0%5D=34&exposed_opus_directory_sort=name_asc
https://aeroastro.mit.edu/research-areas/systems-design-engineering/
https://aeroastro.mit.edu/education/special-course-listings/
https://aeroastro.mit.edu/people/russell-tedrake/
https://engineering.mit.edu/
https://aeroastro.mit.edu/people/edward-f-crawley/
https://aeroastro.mit.edu/research-areas/transportation-exploration/
https://aeroastro.mit.edu/people/raul-radovitzky/
https://aeroastro.mit.edu/education/certificate-in-aerospace-innovation/
https://aeroastro.mit.edu/people/wesley-l-harris/
https://aeroastro.mit.edu/research-areas/autonomous-systems-decision-making/
https://aeroastro.mit.edu/people/youssef-m-marzouk/
https://aeroastro.mit.edu/public-events/
https://aeroastro.mit.edu/media-inquiries/
https://aeroastro.mit.edu/
https://aeroastro.mit.edu/about-us/faculty-awards-honors/
https://aeroastro.mit.edu/contact/
https://aeroastro.mit.edu/wp-login.php?action=shibboleth&redirect_to=https://aeroastro.mit.edu/faculty/
https://aeroastro.mit.edu/education/funding/
https://aeroastro.mit.edu/education/undergraduate-degrees-requirements/work-internships-extracurricular/
https://aeroastro.mit.edu/education/graduate-fields/
https://aeroastro.mit.edu/people/r-john-hansman/
https://aeroastro.mit.edu/people/brian-c-williams/
https://aeroastro.mit.edu/about-us/history/
https://aeroastro.mit.edu/people/nicholas-roy/
https://aeroastro.mit.edu/people/?exposed_opus_search&exposed_taxonomy_directory_person_role%5B0%5D=34&exposed_opus_directory_sort=name_asc#038;exposed_taxonomy_directory_person_role%5B0%5D=34&exposed_opus_directory_sort=name_asc
https://aeroastro.mit.edu/people/nancy-leveson/
https://aeroastro.mit.edu/people/paulo-lozano/
https://aeroastro.mit.edu/education/graduate-admission/
https://aeroastro.mit.edu/people/ian-a-waitz/
https://aeroastro.mit.edu/people/?exposed_opus_search&exposed_taxonomy_directory_person_role%5B0%5D=35&exposed_opus_directory_sort=name_asc#038;exposed_taxonomy_directory_person_role%5B0%5D=34&exposed_opus_directory_sort=name_asc
https://aeroastro.mit.edu/education/undergraduate-degrees-requirements/
https://aeroastro.mit.edu/people/robert-liebeck/
https://accessibility.mit.edu/
https://aeroastro.mit.edu/people/andreea-bobu/
https://aeroastro.mit.edu/people/edward-m-greitzer/
https://aeroastro.mit.edu/research/
https://aeroastro.mit.edu/research-areas/computational-science-engineering/
https://aeroastro.mit.edu/people/richard-linares/
https://aeroastro.mit.edu/people/
https://aeroastro.mit.edu/about-us/community-recognition-recipients/
https://aeroastro.mit.edu/people/eytan-h-modiano/
https://aeroastro.mit.edu/people/zoltan-s-spakovszky/
https://aeroastro.mit.edu/research-opportunities/
https://aeroastro.mit.edu/people/david-l-darmofal/
https://aeroastro.mit.edu/wbwt-homepage/
https://registrar.mit.edu/classes-grades-evaluations/subject-evaluation
https://aeroastro.mit.edu/people/david-miller/
https://aeroastro.mit.edu/advising/
https://aeroastro.mit.edu/people/adrian-lozano-duran/
https://aeroastro.mit.edu/people/zachary-cordero/
https://aeroastro.mit.edu/people/kerri-cahoy/
https://aeroastro.mit.edu/people/olivier-de-weck/
https://www.mit.edu/
https://aeroastro.mit.edu/people/david-mindell/
https://aeroastro.mit.edu/faculty/
https://aeroastro.mit.edu/people/jonathan-p-how/
https://aeroastro.mit.edu/about-us/diversity-equity-inclusion/
https://aeroastro.mit.edu/about-us/facilities/
https://aeroastro.mit.edu/people/hamsa-balakrishnan/
http://catalog.mit.edu/schools/engineering/aeronautics-astronautics/#subjectstext
https://aeroastro.mit.edu/people/eric-evans/
https://aeroastro.mit.edu/people/lonnie-petersen/
https://aeroastro.mit.edu/?s=
https://aeroastro.mit.edu/emeriti-faculty/
https://aeroastro.mit.edu/resources-support/
https://aeroastro.mit.edu/aeroastro-community-resources-internal/
https://aeroastro.mit.edu/about-us/student-groups/
https://aeroastro.mit.edu/people/steven-r-hall/
https://aeroastro.mit.edu/research-areas/vehicle-design-engineering/
https://aeroastro.mit.edu/people/danielle-wood/
https://aeroastro.mit.edu/people/chuchu-fan/
https://aeroastro.mit.edu/about-us/
https://aeroastro.mit.edu/people/jeffrey-a-hoffman/
https://aeroastro.mit.edu/research-areas/earth-space-sciences/
https://aeroastro.mit.edu/people/qiqi-wang/
https://aeroastro.mit.edu/news-impact/
https://aeroastro.mit.edu/education/for-current-students/
https://imes.mit.edu/search
https://imes.mit.edu/people/brown-emery
https://imes.mit.edu/news-events
http://lbourouiba.mit.edu/home
https://imes.mit.edu/people/barzilay-regina
https://imes.mit.edu/people/adalsteinsson-elfar
https://imes.mit.edu/people/faculty#main-content
https://imes.mit.edu/support
https://web.mit.edu/
https://imes.mit.edu/about/vision-values
https://imes.mit.edu/people/bhatia-sangeeta
https://imes.mit.edu/
https://imes.mit.edu/about/diversity-equality-inclusion-and-justice
https://imes.mit.edu/people/research-staff
https://imes.mit.edu/people
https://imes.mit.edu/people/faculty
https://imes.mit.edu/resources/stationery-ordering
https://imes.mit.edu/people/bouma-brett
https://imes.mit.edu/people/faculty?page=2
http://www.neurostat.mit.edu/
https://imes.mit.edu/people/faculty?page=1
https://imes.mit.edu/privacy-policy
https://imes.mit.edu/research
https://linq.mit.edu/
https://imes.mit.edu/resources
https://imes.mit.edu/programs
http://ki.mit.edu/people/faculty/anderson
https://imes.mit.edu/people/bourouiba-lydia
https://www.crc.mit.edu/
https://imes.mit.edu/user/login
https://imes.mit.edu/resources/imes-conference-rooms
https://imes.mit.edu/people/chakraborty-arup
https://imes.mit.edu/academics
https://imes.mit.edu/people/besche-henrike
https://chakrabortygroup.mit.edu/
http://chunglab.org/
https://imes.mit.edu/about
https://imes.mit.edu/people/faculty?page=0
https://imes.mit.edu/people/anderson-daniel
https://imes.mit.edu/contact-us
https://hst.mit.edu/
https://imes.mit.edu/news-events/events
https://imes.mit.edu/about/career-opportunities
https://imes.mit.edu/people/faculty?page=3
https://imes.mit.edu/people/chung-kwanghun
https://imes.mit.edu/people/administration
http://octresearch.org/
https://microbiome.mit.edu/
http://www.imperial.ac.uk/people/j.kilner
https://www.imperial.ac.uk/faculties-and-departments/
https://www.imperial.ac.uk/engineering/departments/materials/study/materialsphd/newphd/
http://www.imperial.ac.uk/people/m.oxborrow
https://www.imperial.ac.uk/engineering/
https://www.imperial.ac.uk/about/leadership-and-strategy/president/
http://www.imperial.ac.uk/people/m.wenman
https://www.imperial.ac.uk/engineering/departments/materials/about/our-staff/staff-at-white-city-campus/
https://www.imperial.ac.uk/materials/about/our-staff/academic-staff/
http://www.imperial.ac.uk/people/a.mostofi
https://www.imperial.ac.uk/materials/research/environmental-risk--mitigation-/
http://www.imperial.ac.uk/people/s.skinner
http://www.imperial.ac.uk/people/julian.r.jones
https://www.imperial.ac.uk/materials/about/our-staff/academic-staff/#content
https://www.imperial.ac.uk/engineering/departments/materials/study/materialsphd/meet-our-materials-science-phd-students/
https://www.imperial.ac.uk/engineering/departments/materials/internal/forstaff/wellbeing/
https://www.imperial.ac.uk/about/leadership-and-strategy/strategy/
https://www.imperial.ac.uk/materials/research/energy/
https://www.imperial.ac.uk/engineering/departments/materials/about/our-staff/visiting/
https://www.imperial.ac.uk/engineering/departments/materials/study/undergraduate/what-is-materials-science/
https://www.imperial.ac.uk/study/fees-and-funding/
https://www.imperial.ac.uk/about/global/
https://www.imperial.ac.uk/engineering/departments/materials/study/materialsphd/newphd/milestones/
https://www.imperial.ac.uk/be-inspired/stories/
http://www.imperial.ac.uk/people/a.cairns
https://www.imperial.ac.uk/people/eleonora.delia10
https://www.imperial.ac.uk/engineering/departments/materials/about/our-network/
https://www.imperial.ac.uk/materials/research/extreme-environments/
https://www.imperial.ac.uk/engineering/departments/materials/study/materialsphd/
https://www.imperial.ac.uk/multidisciplinary-research/
https://www.imperial.ac.uk/engineering/departments/materials/internal/forstaff/department-operations/
http://www.imperial.ac.uk/people/t.georgiou
https://www.imperial.ac.uk/engineering/departments/materials/study/msc-materials/information-for-offer-holders/
https://www.imperial.ac.uk/be-inspired/festival/
https://www.imperial.ac.uk/materials/research/theory-and-simulation-of-materials/
https://www.imperial.ac.uk/research-and-innovation/
https://www.imperial.ac.uk/news/
https://www.imperial.ac.uk/materials/research/nanomaterials/
http://www.imperial.ac.uk/people/a.porter
http://www.imperial.ac.uk/people/n.alford
https://www.imperial.ac.uk/admin-services/ict/self-service/digital-education-services/digital-education-platforms/blackboard/
https://www.imperial.ac.uk/study/visit/
https://www.imperial.ac.uk/about/governance/
https://www.imperial.ac.uk/engineering/departments/materials/study/materialsphd/newphd/milestones/esa/
https://www.imperial.ac.uk/study/apply/
https://www.imperial.ac.uk/engineering/departments/materials/study/materialsphd/newphd/milestones/what-happens-if-you-miss-a-milestone/
https://www.imperial.ac.uk/engineering/departments/materials/study/undergraduate/supercurricular/
http://www.imperial.ac.uk/people/m.stevens
https://www.imperial.ac.uk/engineering/departments/materials/contact/
https://www.imperial.ac.uk/engineering/departments/materials/study/materialsphd/newphd/milestones/progress-review/
https://www.imperial.ac.uk/study/student-life/
http://www.imperial.ac.uk/people/e.saiz
https://www.imperial.ac.uk/about-the-site/incorrect-content/
https://www.imperial.ac.uk/be-inspired/schools-outreach/
https://www.imperial.ac.uk/medicine/
https://www.imperial.ac.uk/about-the-site/use-of-cookies/
https://www.imperial.ac.uk/materials/research/optical--electronic-devices/
https://www.imperial.ac.uk/students/graduation/
http://www.imperial.ac.uk/people/jason.riley
http://www.imperial.ac.uk/people/fionn.dunne
https://www.imperial.ac.uk/materials/about/our-staff/academic-staff/#section-nav
https://www.imperial.ac.uk/engineering/departments/materials/study/msc-materials/
https://www.imperial.ac.uk/engineering/departments/materials/study/materialsphd/phdprojects/dtp-and-departmental-scholarships-/
https://www.imperial.ac.uk/about/sustainability/
http://www.imperial.ac.uk/people/s.heutz
https://www.imperial.ac.uk/engineering/departments/materials/study/materialsphd/newphd/gradsoc/
https://www.imperial.ac.uk/visit/campuses/
https://www.imperial.ac.uk/engineering/departments/materials/study/undergraduate/why-study-materials-science-at-imperial/
https://www.imperial.ac.uk/people/s.humphry-baker
https://www.imperial.ac.uk/latest-news-events/
https://www.imperial.ac.uk/people/m.conroy
https://www.imperial.ac.uk/engineering/departments/materials/study/undergraduate/ways-to-meet-us/
https://www.imperial.ac.uk/engineering/departments/materials/internal/
https://www.imperial.ac.uk/sitemap/
https://www.imperial.ac.uk/engineering/departments/materials/internal/forstaff/
http://www.imperial.ac.uk/people/son.pham
https://www.imperial.ac.uk/be-inspired/societal-engagement/
https://www.imperial.ac.uk/engineering/departments/materials/
https://www.imperial.ac.uk/get-involved/
https://www.imperial.ac.uk/engineering/departments/materials/study/materialsphd/newphd/thinking-of-leaving-your-phd/
https://www.imperial.ac.uk/people/jessica.wade
https://www.imperial.nhs.uk/
http://www.imperial.ac.uk/people/p.tangney
https://www.imperial.ac.uk/study/visit/summer-schools/
http://www.imperial.ac.uk/people/j.lischner
https://www.imperial.ac.uk/admin-services/ict/contact-ict-service-desk/
https://www.imperial.ac.uk/about/leadership-and-strategy/provost/academic-strategy/
https://www.imperial.ac.uk/engineering/departments/materials/study/msc-materials/our-msc-scholarships/
https://profiles.imperial.ac.uk/s.hanham
https://www.imperial.ac.uk/admin-services/finance/purchasing/related-policy-statements/modern-slavery/
https://www.imperial.ac.uk/be-inspired/lates/
https://www.imperial.ac.uk/engineering/departments/materials/study/undergraduate/meet-our-students/
https://www.imperial.ac.uk/engineering/departments/materials/hsdom/
http://www.imperial.ac.uk/people/m.finnis
https://www.imperial.ac.uk/people/f.bouville
https://www.imperial.ac.uk/engineering/departments/materials/about/our-staff/
https://www.imperial.ac.uk/about-the-site/privacy/
https://www.imperial.ac.uk/study/
https://www.imperial.ac.uk/engineering/departments/materials/about/our-staff/administrative/
https://www.imperial.ac.uk/natural-sciences/
https://www.imperial.ac.uk/engineering/departments/materials/events/inaugural-lectures/
https://www.imperial.ac.uk/admin-services/library/
https://profiles.imperial.ac.uk/
https://www.imperial.ac.uk/engineering/departments/materials/study/undergraduate/materials-science-career-prospects/undergraduate-placement-opportunities/
https://www.imperial.ac.uk/engineering/departments/materials/about/our-staff/departmental-administrative-team/
https://www.imperial.ac.uk/about/leadership-and-strategy/provost/
https://www.imperial.ac.uk/materials/research/composites/
https://www.imperial.ac.uk/materials/research/ceramics--glasses/
https://www.imperial.ac.uk/materials/research/engineering-alloys/
https://www.imperial.ac.uk/materials/research/fabrication--additive-manufacturing/
http://www.imperial.ac.uk/people/m.p.ryan
https://www.imperial.ac.uk/study/request-info/
https://www.imperial.ac.uk/engineering/departments/materials/about/our-staff/independent-research-fellows/
https://www.imperial.ac.uk/people/a.huang
https://www.imperial.ac.uk/about/
https://www.imperial.ac.uk/people/t.paxton
http://www.imperial.ac.uk/people/a.walsh
https://www.imperial.ac.uk/study/help-centre/
https://www.imperial.ac.uk/engineering/departments/materials/facilities/
http://www.imperial.ac.uk/people/k.silva
https://www.imperial.ac.uk/engineering/departments/materials/study/undergraduate/materials-science-career-prospects/our-materials-science-alumni/
https://www.imperial.ac.uk/engineering/departments/materials/study/undergraduate/
https://www.imperial.ac.uk/students/
https://www.imperial.ac.uk/
https://www.imperial.ac.uk/study/international-students/
https://www.imperial.ac.uk/engineering/departments/materials/study/materialsphd/newphd/milestones/lsr/
http://www.imperial.ac.uk/people/f.giuliani
https://www.imperial.ac.uk/jobs/
https://www.imperial.ac.uk/about-the-site/accessibility/
https://www.imperial.ac.uk/people/n.haghdadi
https://www.imperial.ac.uk/for-business/
https://www.imperial.ac.uk/engineering/departments/materials/about/our-staff/student-office-and-student-support-staff/
http://www.imperial.ac.uk/people/d.payne
http://www.imperial.ac.uk/people/i.stephens
https://www.imperial.ac.uk/engineering/departments/materials/study/materialsphd/newphd/interruptions-and-extensions/
https://www.imperial.ac.uk/engineering/departments/materials/study/materialsphd/newphd/submitting-your-final-forms/
https://www.imperial.ac.uk/materials/research/biomaterials--healthcare/
https://www.imperial.ac.uk/engineering/departments/materials/about/our-staff/academic-staff/
https://www.imperial.ac.uk/engineering/departments/materials/study/msc-materials/our-msc-materials-science-students/
https://www.imperial.ac.uk/engineering/departments/materials/events/
https://www.imperial.ac.uk/engineering/departments/materials/about/advisory-panel/
https://www.imperial.ac.uk/engineering/departments/materials/events/wellbeing--inclusion-events/
https://www.imperial.ac.uk/engineering/departments/materials/materials-outreach/
https://www.imperial.ac.uk/engineering/departments/materials/about/our-staff/rfs/
https://ahsc.org.uk/
https://www.imperial.ac.uk/alumni/
https://www.imperial.ac.uk/engineering/departments/materials/study/materialsphd/newphd/matgta/
http://www.imperial.ac.uk/people/c.gourlay
https://www.imperial.ac.uk/engineering/departments/materials/study/materialsphd/newphd/health-and-safety-in-materials/
https://www.imperial.ac.uk/a-z-research/
http://www.imperial.ac.uk/people/f.xie
https://www.imperial.ac.uk/engineering/departments/materials/about/edc/
http://www.imperial.ac.uk/people/p.haynes
https://www.imperial.ac.uk/engineering/departments/materials/study/undergraduate/scholarships/
https://www.imperial.ac.uk/be-inspired/magazine/
https://www.imperial.ac.uk/people/s.pedrazzini
https://www.imperial.ac.uk/engineering/departments/materials/study/materialsphd/phd-application-process--scholarship-hub/
https://www.imperial.ac.uk/be-inspired/global-summer-school/
https://www.imperial.ac.uk/giving/
https://www.imperial.ac.uk/engineering/departments/materials/study/undergraduate/apply-to-study-materials-science/
http://www.imperial.ac.uk/people/r.grimes
https://www.imperial.ac.uk/people/reshma.rao
https://www.imperial.ac.uk/admin-services/
https://www.imperial.ac.uk/business-school/
https://www.imperial.ac.uk/materials/research/multiscale-characterisation-/
https://www.imperial.ac.uk/engineering/departments/materials/about/our-staff/centre-managers-/
https://www.imperial.ac.uk/whats-on/
https://www.imperial.ac.uk/engineering/departments/materials/events/materials-grand-reunion/
http://www.imperial.ac.uk/people/martyn.mclachlan
http://www.imperial.ac.uk/people/s.angioletti-uberti07
https://www.imperial.ac.uk/materials/research/functional-materials/
https://www.imperial.ac.uk/engineering/departments/materials/study/materialsphd/newphd/travel-grants/
https://www.imperial.ac.uk/engineering/departments/materials/study/undergraduate/meet-our-academics/
https://www.imperial.ac.uk/materials/research/quantum-technologies/
http://www.imperial.ac.uk/people/i.dunlop
https://www.imperial.ac.uk/people/o.gavalda-diaz
http://www.imperial.ac.uk/people/m.shaffer
https://www.imperial.ac.uk/be-inspired/volunteering/
https://www.imperial.ac.uk/engineering/departments/
https://www.imperial.ac.uk/engineering/departments/materials/study/materialsphd/materialsphdprojects/
https://www.imperial.ac.uk/materials/research/communication-technologies/
https://www.imperial.ac.uk/engineering/departments/materials/internal/forstaff/visitors/
https://www.imperial.ac.uk/engineering/departments/materials/study/materialsphd/information-for-phd-offer-holders/
http://www.imperial.ac.uk/people/c.mattevi
https://www.imperial.ac.uk/engineering/departments/materials/study/materialsphd/phdprojects/
https://www.imperial.ac.uk/engineering/departments/materials/study/
https://www.imperial.ac.uk/materials/research/polymers/
https://www.imperial.ac.uk/engineering/departments/materials/about/
https://www.imperial.ac.uk/engineering/departments/materials/events/the-bauerman-lecture/
https://www.imperial.ac.uk/search
https://www.imperial.ac.uk/business-school/executive-education/
https://www.imperial.ac.uk/engineering/departments/materials/study/undergraduate/materials-science-career-prospects/
https://www.imperial.ac.uk/people/david.dye
https://www.imperial.ac.uk/people/b.gault
https://www.imperial.ac.uk/study/courses/
https://www.imperial.ac.uk/staff/
https://www.imperial.ac.uk/engineering/departments/materials/study/undergraduate/information-for-offer-holders/
https://www.imperial.ac.uk/materials/research/performance--testing/
https://www.imperial.ac.uk/engineering/departments/materials/research/
http://www.imperial.ac.uk/aeronautics/research/doorlylab
https://www.imperial.ac.uk/engineering/departments/aeronautics/local/health-and-safety/raft/
https://www.imperial.ac.uk/engineering/departments/aeronautics/local/teaching/final-year-projects/
https://www.imperial.ac.uk/engineering/departments/aeronautics/research/facilities/hydrodynamics-flume/
https://www.imperial.ac.uk/engineering/departments/aeronautics/local/health-and-safety/knives-needles-and-sharp-instruments/
https://www.imperial.ac.uk/engineering/departments/aeronautics/research/facilities/aerial-robotics/
https://www.imperial.ac.uk/engineering/departments/aeronautics/local/resources-and-information/meeting-rooms-and-owl/
https://www.imperial.ac.uk/engineering/departments/aeronautics/local/health-and-safety/a-to-z/
http://www.imperial.ac.uk/people/v.tagarielli
https://www.imperial.ac.uk/people/m.ribera-vicent
https://www.imperial.ac.uk/engineering/departments/aeronautics/local/staff-support/
https://www.imperial.ac.uk/engineering/departments/aeronautics/people/academic/
https://www.imperial.ac.uk/engineering/departments/aeronautics/study/pg/scholarships/
https://www.imperial.ac.uk/engineering/departments/aeronautics/whats-on/events/
https://www.imperial.ac.uk/engineering/departments/aeronautics/local/resources-and-information/departmental-award-scheme/
https://www.imperial.ac.uk/engineering/departments/aeronautics/local/health-and-safety/access-buildings-and-labs/
https://www.imperial.ac.uk/engineering/departments/aeronautics/study/ug/current-students/id-card/
https://www.imperial.ac.uk/engineering/departments/aeronautics/research/facilities/10x5-wind-tunnel/projects/zahra-soltani/
https://www.imperial.ac.uk/engineering/departments/aeronautics/local/finance/ordering--travel-arrangements/
https://www.imperial.ac.uk/engineering/departments/aeronautics/local/resources-and-information/sharepoint-links/
https://www.imperial.ac.uk/engineering/departments/aeronautics/iepc2025/social-events-and-excursions-/night-at-the-museum-poster-exhibit/
https://www.imperial.ac.uk/people/k.steiros
https://www.imperial.ac.uk/engineering/departments/aeronautics/local/experimental-services/wind-tunnel/
https://www.imperial.ac.uk/engineering/departments/aeronautics/iepc2025/
https://www.imperial.ac.uk/engineering/departments/aeronautics/local/health-and-safety/departmental-safety-contacts/
https://www.imperial.ac.uk/engineering/departments/aeronautics/local/a-to-z-list/
https://www.imperial.ac.uk/engineering/departments/aeronautics/local/computing-services/data-storage-and-management/
https://www.imperial.ac.uk/engineering/departments/aeronautics/people/alumni/
https://www.imperial.ac.uk/engineering/departments/aeronautics/study/events/
https://www.imperial.ac.uk/study/pg/aeronautics/advanced-aeronautical-engineering/
https://www.imperial.ac.uk/engineering/departments/aeronautics/study/ug/courses/
https://www.imperial.ac.uk/engineering/departments/aeronautics/iepc2025/sponsors/
https://www.imperial.ac.uk/engineering/departments/aeronautics/local/resources-and-information/committees/
https://profiles.imperial.ac.uk/r.liem/about
https://www.imperial.ac.uk/engineering/departments/aeronautics/local/health-and-safety/dse/
https://www.imperial.ac.uk/engineering/departments/aeronautics/iepc2025/conference-program/
https://www.imperial.ac.uk/engineering/departments/aeronautics/local/computing-services/
https://www.imperial.ac.uk/aeroelastics
https://www.imperial.ac.uk/engineering/departments/aeronautics/wellbeing/pg/
https://www.imperial.ac.uk/engineering/departments/aeronautics/study/phd/new-students/
http://www.imperial.ac.uk/aeronautics/research/robinsonlab
https://www.imperial.ac.uk/engineering/departments/aeronautics/local/health-and-safety/
https://www.imperial.ac.uk/aeronautics/people/profiles/nnaemeka-anyamele/
https://www.imperial.ac.uk/aeronautics/people/academic/#content
https://www.imperial.ac.uk/engineering/departments/aeronautics/study/phd/current-students/
https://www.imperial.ac.uk/engineering/departments/aeronautics/iepc2025/practical-details/accommodation-options/
https://www.imperial.ac.uk/engineering/departments/aeronautics/study/ug/aeroimperial/student-projects/
http://wwwf.imperial.ac.uk/aeronautics/research/pinholab/
https://www.imperial.ac.uk/engineering/departments/aeronautics/iepc2025/sponsors/list-of-iepc-2025-sponsors/
http://www.imperial.ac.uk/people/c.cantwell
https://www.imperial.ac.uk/engineering/departments/aeronautics/whats-on/
https://www.imperial.ac.uk/engineering/departments/aeronautics/iepc2025/general-information/important-dates/
https://www.imperial.ac.uk/engineering/departments/aeronautics/local/health-and-safety/unattended/
https://www.imperial.ac.uk/engineering/departments/aeronautics/local/teaching/examinations-taught-students/
https://www.imperial.ac.uk/engineering/departments/aeronautics/research/facilities/
https://www.imperial.ac.uk/aeronautics/people/academic/
https://www.imperial.ac.uk/engineering/departments/aeronautics/study/ug/sos/secondyearinduction/
https://www.imperial.ac.uk/engineering/departments/aeronautics/local/resources-and-information/extension-numbers/
https://www.imperial.ac.uk/engineering/departments/aeronautics/iepc2025/general-information/committees/
https://www.imperial.ac.uk/engineering/departments/aeronautics/local/staff-support/bullying-and-harrassment/
https://www.imperial.ac.uk/engineering/departments/aeronautics/study/ug/admissions/admissions-frequently-asked-questions-faqs/
https://www.imperial.ac.uk/engineering/departments/aeronautics/local/resources-and-information/
https://www.imperial.ac.uk/people/r.hewson
https://www.imperial.ac.uk/engineering/departments/aeronautics/local/experimental-services/equipment-booking/
http://www.imperial.ac.uk/people/z.sharif-khodaei
http://www.imperial.ac.uk/people/koonyang.lee
https://www.imperial.ac.uk/engineering/departments/aeronautics/whats-on/news/
https://www.imperial.ac.uk/engineering/departments/aeronautics/study/phd/current-students/progress-review-and-writing-up/
https://www.imperial.ac.uk/engineering/departments/aeronautics/local/health-and-safety/coshh/
https://www.imperial.ac.uk/engineering/departments/aeronautics/local/health-and-safety/battery-safety/
https://www.imperial.ac.uk/engineering/departments/aeronautics/study/ug/current-students/
https://www.imperial.ac.uk/engineering/departments/aeronautics/local/staff-support/visitor-policy/
https://www.imperial.ac.uk/engineering/departments/aeronautics/local/teaching/undergraduate-research-opportunities-programme-urop/
https://www.imperial.ac.uk/engineering/departments/aeronautics/iepc2025/practical-details/the-city-london/
https://www.imperial.ac.uk/study/pg/aeronautics/computational-methods/
http://www.imperial.ac.uk/aeronautics/research/peirolab
https://www.imperial.ac.uk/engineering/departments/aeronautics/local/resources-and-information/car-parking/
https://www.imperial.ac.uk/engineering/departments/aeronautics/iepc2025/general-information/conference-topics/
https://www.imperial.ac.uk/engineering/departments/aeronautics/local/
https://www.imperial.ac.uk/engineering/departments/aeronautics/study/pg/faqs/
https://www.imperial.ac.uk/engineering/departments/aeronautics/local/faqs/
https://www.imperial.ac.uk/people/m.seifikar
https://www.imperial.ac.uk/engineering/departments/aeronautics/study/ug/sos/fourthyearstandardstartofsession/
https://www.imperial.ac.uk/engineering/departments/aeronautics/local/staff-support/research-pre-award-support/
https://www.imperial.ac.uk/engineering/departments/aeronautics/local/health-and-safety/fire-evacuation/
https://www.imperial.ac.uk/people/s.shamsuddin07
https://www.imperial.ac.uk/engineering/departments/aeronautics/local/staff-support/academic-promotions/
https://www.imperial.ac.uk/engineering/departments/aeronautics/local/computing-services/compute-intensive-jobs/
https://www.imperial.ac.uk/engineering/departments/aeronautics/research/facilities/10x5-wind-tunnel/airborne-transmission-of-covid-during-exercise/
https://www.imperial.ac.uk/engineering/departments/aeronautics/study/ug/sos/fourthyearexchangestartofsession/
https://www.imperial.ac.uk/engineering/departments/aeronautics/local/health-and-safety/research-proposals/
https://www.imperial.ac.uk/people/t.mylvaganam
https://www.imperial.ac.uk/engineering/departments/aeronautics/research/facilities/t1-andt2/
https://www.imperial.ac.uk/engineering/departments/aeronautics/about/work-with-us/
http://www.imperial.ac.uk/aeronautics/research/aliabadilab
https://www.imperial.ac.uk/people/d.amato
https://www.imperial.ac.uk/engineering/departments/aeronautics/local/health-and-safety/risk-assessments/
https://www.imperial.ac.uk/engineering/departments/aeronautics/local/staff-support/leave/
https://www.imperial.ac.uk/engineering/departments/aeronautics/research/industries/
https://www.imperial.ac.uk/engineering/departments/aeronautics/local/health-and-safety/compressed-gases/
https://www.imperial.ac.uk/engineering/departments/aeronautics/study/ug/admissions/
https://www.imperial.ac.uk/people/e.bilotti
http://www.imperial.ac.uk/composites-centre/
https://www.imperial.ac.uk/engineering/departments/aeronautics/local/finance/casual-workers/
https://www.imperial.ac.uk/engineering/departments/aeronautics/local/health-and-safety/first-aid/
https://www.imperial.ac.uk/engineering/departments/aeronautics/research/facilities/other-facilities/
https://www.imperial.ac.uk/engineering/departments/aeronautics/study/ug/sos/thirdyearstartofsession/
https://www.imperial.ac.uk/engineering/departments/aeronautics/local/health-and-safety/manual_handling/
https://www.imperial.ac.uk/engineering/departments/aeronautics/local/health-and-safety/facilities-safety-sites/
https://www.imperial.ac.uk/people/l.mainini
https://www.imperial.ac.uk/engineering/departments/aeronautics/local/resources-and-information/new-starter-information/
https://www.imperial.ac.uk/engineering/departments/aeronautics/local/finance/research-grants-/
https://www.imperial.ac.uk/engineering/departments/aeronautics/study/ug/undergraduate-careers/
http://www.imperial.ac.uk/aeronautics/research/grahamlab
https://www.imperial.ac.uk/engineering/departments/aeronautics/people/
https://www.imperial.ac.uk/engineering/departments/aeronautics/study/ug/admissions/information-for-offer-holders/
https://www.imperial.ac.uk/engineering/departments/aeronautics/study/phd/current-students/initial-research-plan/
https://www.imperial.ac.uk/engineering/departments/aeronautics/local/experimental-services/priority-system/
https://www.imperial.ac.uk/engineering/departments/aeronautics/local/health-and-safety/electrical-safety/
https://www.imperial.ac.uk/aeronautics/people/academic/#section-nav
https://www.imperial.ac.uk/people/silvestre.pinho
https://profiles.imperial.ac.uk/s.armanini
https://www.imperial.ac.uk/engineering/departments/aeronautics/research/groups/
https://www.imperial.ac.uk/engineering/departments/aeronautics/local/computing-services/aeronautics-linux-environment/
https://www.imperial.ac.uk/engineering/departments/aeronautics/research/facilities/10x5-wind-tunnel/projects/taihang-zu/
https://www.imperial.ac.uk/engineering/departments/aeronautics/local/experimental-services/access/
https://www.imperial.ac.uk/people/s.eastham
https://www.imperial.ac.uk/engineering/departments/aeronautics/research/facilities/flight-simulator/
https://www.imperial.ac.uk/engineering/departments/aeronautics/research/facilities/other-wind-tunnels-and-water-equipment/
https://www.imperial.ac.uk/engineering/departments/aeronautics/study/phd/current-students/early-stage-assessment/
https://www.imperial.ac.uk/engineering/departments/aeronautics/study/ug/sos/thirdyearexchangestartofsession/
https://www.imperial.ac.uk/engineering/departments/aeronautics/local/finance/
https://www.imperial.ac.uk/engineering/departments/aeronautics/iepc2025/practical-details/
https://www.imperial.ac.uk/engineering/departments/aeronautics/iepc2025/conference-program/program-outline/
https://www.imperial.ac.uk/engineering/departments/aeronautics/local/health-and-safety/lasers/
https://www.imperial.ac.uk/engineering/departments/aeronautics/local/staff-support/prdp/
https://www.imperial.ac.uk/engineering/departments/aeronautics/wellbeing/ug/
https://www.imperial.ac.uk/engineering/departments/aeronautics/research/themes/net-zero/
https://www.imperial.ac.uk/engineering/departments/aeronautics/research/centres/
https://www.imperial.ac.uk/engineering/departments/aeronautics/research/facilities/structural-testing/
https://www.imperial.ac.uk/engineering/departments/aeronautics/study/phd/phd-opportunities-and-funding/
https://www.imperial.ac.uk/engineering/departments/aeronautics/study/ug/sos/
https://www.imperial.ac.uk/study/pg/aeronautics/composites/
https://www.imperial.ac.uk/engineering/departments/aeronautics/local/health-and-safety/accident-reporting/
https://www.imperial.ac.uk/engineering/departments/aeronautics/wellbeing/
https://www.imperial.ac.uk/engineering/departments/aeronautics/local/health-and-safety/safety-training-and-induction/
https://www.imperial.ac.uk/engineering/departments/aeronautics/contact/
https://www.imperial.ac.uk/engineering/departments/aeronautics/local/teaching/trusted-contact-scheme-guidance/
https://www.imperial.ac.uk/engineering/departments/aeronautics/study/pg/
https://www.imperial.ac.uk/people/m.kovac
http://www.imperial.ac.uk/people/qianqian.li
https://www.imperial.ac.uk/engineering/departments/aeronautics/research/facilities/visualisation-wall/
http://www.imperial.ac.uk/people/s.sherwin/
https://www.imperial.ac.uk/people/p.vincent
https://www.imperial.ac.uk/engineering/departments/aeronautics/local/health-and-safety/lone-working-consent-form/
https://www.imperial.ac.uk/engineering/departments/aeronautics/iepc2025/social-events-and-excursions-/
https://www.imperial.ac.uk/engineering/departments/aeronautics/about/history/
https://www.imperial.ac.uk/engineering/departments/aeronautics/about/edi/edcci-minutes-and-applications/
https://www.imperial.ac.uk/engineering/departments/aeronautics/study/phd/
https://www.imperial.ac.uk/people/r.palacios
https://www.imperial.ac.uk/engineering/departments/aeronautics/local/experimental-services/facilities-and-contacts/
https://www.imperial.ac.uk/engineering/departments/aeronautics/local/resources-and-information/distribution-lists/
https://www.imperial.ac.uk/engineering/departments/aeronautics/local/staff-support/teamseer/
https://www.imperial.ac.uk/engineering/departments/aeronautics/local/staff-support/staff-networks/
https://www.imperial.ac.uk/engineering/departments/aeronautics/study/ug/aeroimperial/virtual-tour/
https://www.imperial.ac.uk/engineering/departments/aeronautics/local/resources-and-information/phd-supervision/
https://www.imperial.ac.uk/engineering/departments/aeronautics/local/experimental-services/
https://www.imperial.ac.uk/people/g.quino-quispe/
http://www.imperial.ac.uk/aeronautics/research/wynnlab
http://www.imperial.ac.uk/aeronautics/research/levislab
https://www.imperial.ac.uk/engineering/departments/aeronautics/iepc2025/practical-details/primary-venue-imperial-college-london/
https://www.imperial.ac.uk/engineering/departments/aeronautics/study/phd/current-students/late-stage-review/
https://www.imperial.ac.uk/engineering/departments/aeronautics/local/finance/expenses/
https://www.imperial.ac.uk/engineering/departments/aeronautics/people/research/
https://www.imperial.ac.uk/engineering/departments/aeronautics/local/computing-services/leaving-the-college/
https://www.imperial.ac.uk/engineering/departments/aeronautics/iepc2025/social-events-and-excursions-/gala-dinner-at-royal-lancaster-hotel/
https://www.imperial.ac.uk/engineering/departments/aeronautics/local/health-and-safety/fire-wardens/
http://www.imperial.ac.uk/aeronautics/research/bearmanlab
https://www.imperial.ac.uk/engineering/departments/aeronautics/research/facilities/10x5-wind-tunnel/projects/elisa-berkane/
https://www.imperial.ac.uk/people/y.hwang
https://www.imperial.ac.uk/engineering/departments/aeronautics/local/teaching/
https://www.imperial.ac.uk/people/r.lubbock
https://www.imperial.ac.uk/people/f.montomoli
https://www.imperial.ac.uk/engineering/departments/aeronautics/local/staff-support/staff-benefits/
https://www.imperial.ac.uk/engineering/departments/aeronautics/local/health-and-safety/lab-supervisors/
https://www.imperial.ac.uk/engineering/departments/aeronautics/study/ug/aeroimperial/aero--a-glance/
https://www.imperial.ac.uk/engineering/departments/aeronautics/about/
https://www.imperial.ac.uk/brahmal-institute/
https://www.imperial.ac.uk/engineering/departments/aeronautics/local/staff-support/sabbatical-leave/
https://www.imperial.ac.uk/engineering/departments/aeronautics/study/ug/admissions/admissions-procedure/
https://www.imperial.ac.uk/engineering/departments/aeronautics/iepc2025/general-information/
https://www.imperial.ac.uk/engineering/departments/aeronautics/about/edi/edcci-committee-members/
https://www.imperial.ac.uk/engineering/departments/aeronautics/research/facilities/10x5-wind-tunnel/projects/
https://www.imperial.ac.uk/engineering/departments/aeronautics/study/
https://www.imperial.ac.uk/engineering/departments/aeronautics/study/ug/aeroimperial/
https://www.imperial.ac.uk/engineering/departments/aeronautics/iepc2025/sponsors/bespoke-sponsorship-options-/
https://www.imperial.ac.uk/engineering/departments/aeronautics/local/communications-support/
https://www.imperial.ac.uk/engineering/departments/aeronautics/local/health-and-safety/contractors/
https://www.imperial.ac.uk/people/e.greenhalgh
https://www.imperial.ac.uk/engineering/departments/aeronautics/study/careers/
https://www.imperial.ac.uk/engineering/departments/aeronautics/local/health-and-safety/fire-safety/
http://www.imperial.ac.uk/aeronautics/research/buxtonlab
https://www.imperial.ac.uk/engineering/departments/aeronautics/research/facilities/space-lab/
https://www.imperial.ac.uk/people/a.panesar
https://www.imperial.ac.uk/engineering/departments/aeronautics/local/computing-services/software-packages/
http://www.imperial.ac.uk/people/s.laizet
https://www.imperial.ac.uk/engineering/departments/aeronautics/iepc2025/sponsors/sponsorship-and-exhibition-packages/
https://www.imperial.ac.uk/engineering/departments/aeronautics/research/facilities/10x5-wind-tunnel/projects/jeremy-basley/
https://www.imperial.ac.uk/engineering/departments/aeronautics/research/themes/
https://www.imperial.ac.uk/engineering/departments/aeronautics/local/finance/equipment-bid/
http://www.imperial.ac.uk/aeronautics/research/hillierlab
https://www.imperial.ac.uk/engineering/departments/aeronautics/local/staff-support/health-and-wellbeing/
https://www.imperial.ac.uk/engineering/departments/aeronautics/local/health-and-safety/ordering-chemicals/
https://www.imperial.ac.uk/engineering/departments/aeronautics/study/ug/aeroimperial/meet-us/
https://www.imperial.ac.uk/aerial-robotics
http://www.imperial.ac.uk/aeronautics/research/papadakislab
https://www.imperial.ac.uk/brahmal-vasudevan-institute/
https://www.imperial.ac.uk/engineering/departments/aeronautics/local/computing-services/external-computing-services/
https://www.imperial.ac.uk/engineering/departments/aeronautics/study/ug/current-students/a-to-z/
https://www.imperial.ac.uk/engineering/departments/aeronautics/study/ug/current-students/mums-and-dads-scheme/
https://www.imperial.ac.uk/aeronautics/research/vincentlab/
https://www.imperial.ac.uk/people/mike.leschziner
https://www.imperial.ac.uk/engineering/departments/aeronautics/study/ug/sos/firstyearstartofsession/
https://www.imperial.ac.uk/engineering/departments/aeronautics/research/
https://www.imperial.ac.uk/engineering/departments/aeronautics/
https://www.imperial.ac.uk/engineering/departments/aeronautics/local/health-and-safety/experimental-work/
https://www.imperial.ac.uk/engineering/departments/aeronautics/wellbeing/staff/
https://www.imperial.ac.uk/engineering/departments/aeronautics/study/erasmus/
https://www.imperial.ac.uk/engineering/departments/aeronautics/people/technical-and-operations-staff/
https://www.imperial.ac.uk/engineering/departments/aeronautics/study/phd/application-process/
https://www.imperial.ac.uk/engineering/departments/aeronautics/research/industries/f1aero/
http://www.imperial.ac.uk/people/g.rigas
http://www.imperial.ac.uk/aeronautics/research/kerriganlab
http://www.imperial.ac.uk/aeronautics/research/chernyshenkolab
https://www.imperial.ac.uk/people/m.santer
http://www.imperial.ac.uk/aeronautics/research/morrisonlab
https://www.imperial.ac.uk/engineering/departments/aeronautics/research/facilities/computing-resources/
https://www.imperial.ac.uk/people/u.fasel
https://www.imperial.ac.uk/engineering/departments/aeronautics/local/staff-support/recruitment/
https://www.itpfg-hwang.group/
https://www.imperial.ac.uk/engineering/departments/aeronautics/research/facilities/10x5-wind-tunnel/
https://www.imperial.ac.uk/engineering/departments/aeronautics/local/health-and-safety/lone-and-late-working-/
https://www.imperial.ac.uk/engineering/departments/aeronautics/study/phd/current-students/on-arrival/
https://www.imperial.ac.uk/engineering/departments/aeronautics/study/pg/current-msc-students/
https://www.imperial.ac.uk/engineering/departments/aeronautics/people/professional-services-staff/
https://www.imperial.ac.uk/engineering/departments/aeronautics/study/ug/current-students/coursework-submission-deadlines/
https://www.imperial.ac.uk/people/a.knoll
http://www.imperial.ac.uk/aeronautics/research/brucelab
https://www.imperial.ac.uk/engineering/departments/aeronautics/study/sustainability/
https://www.imperial.ac.uk/engineering/departments/aeronautics/about/edi/
https://www.imperial.ac.uk/engineering/departments/aeronautics/study/ug/
https://www.imperial.ac.uk/people/l.magri
http://www.imperial.ac.uk/people/s.au
https://www.imperial.ac.uk/engineering/departments/bioengineering/research/research-impact/
https://www.imperial.ac.uk/engineering/departments/bioengineering/student-wellbeing/engineering-student-wellbeing-newsletter-archive/
https://www.imperial.ac.uk/engineering/departments/bioengineering/admin/current-pgt/msc-hbr/
https://www.imperial.ac.uk/people/r.quest
http://www.imperial.ac.uk/people/c.yap
https://www.imperial.ac.uk/engineering/departments/bioengineering/admin/current-ug/intercalated-bsc/
https://www.imperial.ac.uk/people/r.schroter
https://www.imperial.ac.uk/engineering/departments/bioengineering/study/postgraduate-taught/study/postgraduate-research/mrs-med-device-design/faqs/
https://www.imperial.ac.uk/engineering/departments/bioengineering/admin/current-ug/administration-systems-for-students/
https://www.imperial.ac.uk/people/h.cagnan
http://www.imperial.ac.uk/people/james.moore.jr
http://www.bg.ic.ac.uk/research/r.tanaka/
https://www.imperial.ac.uk/a-z-research/medtech/
https://www.imperial.ac.uk/perioperative-ageing/
https://www.imperial.ac.uk/engineering/departments/bioengineering/study/postgraduate-research/mres-cancer-technology/frequently-asked-questions/
http://www.imperial.ac.uk/people/c.lee
http://www.imperial.ac.uk/people/j.choi
https://www.imperial.ac.uk/engineering/departments/bioengineering/research/computational-and-theoretical-modelling/
http://www.imperial.ac.uk/people/n.nakayama
https://www.imperial.ac.uk/engineering/departments/bioengineering/admin/info/safety-archive-jan2024/mental-health-first-aiders/
https://www.imperial.ac.uk/engineering/departments/bioengineering/about/innovation-and-translation/msk-accelerator/
http://tomellislab.com/
https://www.imperial.ac.uk/engineering/departments/bioengineering/study/postgraduate-taught/study/postgraduate-research/
https://www.imperial.ac.uk/engineering/departments/bioengineering/admin/gta/becoming-a-gta/
https://www.imperial.ac.uk/engineering/departments/bioengineering/admin/info/safety/
http://www.imperial.ac.uk/people/j.vermot
https://www.imperial.ac.uk/engineering/departments/bioengineering/study/postgraduate-taught/study/postgraduate-research/mres-neurotechnology/faqs/
https://www.imperial.ac.uk/engineering/departments/bioengineering/study/postgraduate-research/mres-neurotechnology/faqs/
https://www.imperial.ac.uk/engineering/departments/bioengineering/study/postgraduate-taught/student-experience/
https://www.imperial.ac.uk/engineering/departments/bioengineering/study/postgraduate-taught/study/postgraduate-research/mres-neurotechnology/projects/
https://www.imperial.ac.uk/engineering/departments/bioengineering/research/research-impact/basic-science-/
https://gallego.bg.ic.ac.uk/
https://www.imperial.ac.uk/engineering/departments/bioengineering/research/neurotechnology-and-robotics/
https://www.imperial.ac.uk/engineering/departments/bioengineering/study/undergraduate/
http://www.almquistlab.com/
http://www.imperial.ac.uk/people/a.kedgley
https://www.imperial.ac.uk/engineering/departments/bioengineering/whats-on/events/
https://www.imperial.ac.uk/bioengineering/people/academic-staff-and-research-fellows/#tabpanel_120149-1
http://www.imperial.ac.uk/people/v.salem
https://www.imperial.ac.uk/engineering/departments/bioengineering/study/postgraduate-taught/study/postgraduate-research/doctoral/funding/
https://www.imperial.ac.uk/neuromechanics-rehabilitation-technology/
https://www.imperial.ac.uk/engineering/departments/bioengineering/about/history/bagrittrust/
http://www.imperial.ac.uk/rowlands-lab/
https://www.imperial.ac.uk/people/i.radcliffe
https://www.imperial.ac.uk/engineering/departments/bioengineering/people/academic-staff-and-research-fellows/
https://www.imperial.ac.uk/engineering/departments/bioengineering/research/molecular-and-cellular-bioengineering/
https://www.imperial.ac.uk/engineering/departments/bioengineering/admin/info/safety-archive-jan2024/new-starter/
https://www.imperial.ac.uk/engineering/departments/bioengineering/admin/info/safety-archive-jan2024/anonymous-feedback/
https://www.imperial.ac.uk/study/courses/postgraduate-taught/biomedical-engineering-biomaterials/
https://www.imperial.ac.uk/engineering/departments/bioengineering/admin/gta/gta-responsibilities/
http://www.imperial.ac.uk/people/r.ledesma-amaro 
https://www.imperial.ac.uk/people/n.bangerter
http://www.imperial.ac.uk/people/a.del-rio-hernandez
https://twitter.com/imperialbioeng
https://www.imperial.ac.uk/engineering/departments/bioengineering/study/postgraduate-taught/study/postgraduate-research/mrs-med-device-design/medical-device-entrepreneurship-elevator-pitch-event-/
http://biomechanicalregulation-lab.org/
https://www.imperial.ac.uk/people/f.janan
http://www.higginslab.org/
https://www.imperial.ac.uk/engineering/departments/bioengineering/about/innovation-and-translation/
https://www.imperial.ac.uk/engineering/departments/bioengineering/about/bioengineering/
http://www.imperial.ac.uk/people/p.weinberg
https://www.imperial.ac.uk/engineering/departments/bioengineering/study/postgraduate-taught/study/undergraduate/student-experience/
https://faisallab.org/
http://www.nsblab.org/
http://www.imperial.ac.uk/people/s.ladame
https://www.weinberg-lab.com/
https://www.imperial.ac.uk/engineering/departments/bioengineering/admin/info/it-and-resources/
http://www.imperial.ac.uk/people/a.kozlov
https://www.imperial.ac.uk/people/p.reilly
https://www.imperial.ac.uk/engineering/departments/bioengineering/people/professional-services-technical-and-operations-staff/
http://www.imperial.ac.uk/people/a.celiz
http://www.imperial.ac.uk/people/a.faisal
http://www.imperial.ac.uk/people/d.labonte
https://www.imperial.ac.uk/study/courses/undergraduate/2025/molecular-bioengineering/
https://www.imperial.ac.uk/engineering/departments/bioengineering/study/postgraduate-taught/study/
https://www.imperial.ac.uk/engineering/departments/bioengineering/study/postgraduate-research/doctoral/
http://www.imperial.ac.uk/people/t.ellis
https://www.hashemilab.com/
https://www.imperial.ac.uk/engineering/departments/bioengineering/study/postgraduate-research/mrs-med-device-design/faqs/
https://www.imperial.ac.uk/engineering/departments/bioengineering/industry/researchers/
https://greengroupresearch.org/
https://www.imperial.ac.uk/engineering/departments/bioengineering/whats-on/news/
https://www.imperial.ac.uk/engineering/departments/bioengineering/admin/gta/gta-testimonials/
http://www.imperial.ac.uk/principles-of-biomolecular-systems/
https://www.imperial.ac.uk/soft-robotic-transducers
https://www.imperial.ac.uk/engineering/departments/bioengineering/about/history/
https://www.imperial.ac.uk/engineering/departments/bioengineering/about/facilities-and-services/bioscience-cores/imperialleicaimaginghub/stellaris8/
http://www.imperial.ac.uk/human-robotics
http://www.imperial.ac.uk/people/jvbsherwood
https://www.imperial.ac.uk/engineering/departments/bioengineering/
https://www.imperial.ac.uk/engineering/departments/bioengineering/student-wellbeing/useful-resources/
https://www.imperial.ac.uk/engineering/departments/bioengineering/study/postgraduate-taught/study/postgraduate-research/doctoral/
https://www.imperial.ac.uk/engineering/departments/bioengineering/study/postgraduate-research/mrs-med-device-design/
https://www.imperial.ac.uk/engineering/departments/bioengineering/admin/research/
https://www.imperial.ac.uk/engineering/departments/bioengineering/admin/info/safety-archive-jan2024/h_s_committee/
http://www.imperial.ac.uk/people/a.bharath
https://www.imperial.ac.uk/engineering/departments/bioengineering/research/regenerative-medicine-and-biomaterials/
http://www.imperial.ac.uk/biomedical-sensors
https://www.imperial.ac.uk/engineering/departments/bioengineering/admin/info/grants/standard-application-process/
https://www.imperial.ac.uk/engineering/departments/bioengineering/about/workwithus/
https://www.imperial.ac.uk/engineering/departments/bioengineering/study/postgraduate-research/mres-bioengineering/
https://www.imperial.ac.uk/engineering/departments/bioengineering/about/
https://www.imperial.ac.uk/engineering/departments/bioengineering/about/advisory-board/
http://www.imperial.ac.uk/people/e.burdet
https://profiles.imperial.ac.uk/a.roche05/about
http://wwwf.imperial.ac.uk/imedia/itunes_collections/view/bioengineering
https://www.imperial.ac.uk/engineering/departments/bioengineering/study/postgraduate-taught/study/postgraduate-taught/student-experience/
http://www.imperial.ac.uk/people/d.overby
https://www.imperial.ac.uk/engineering/departments/bioengineering/study/postgraduate-research/doctoral/funding/
https://www.imperial.ac.uk/people/j.clasper
https://www.imperial.ac.uk/engineering/departments/bioengineering/about/facilities-and-services/bioscience-cores/imperialleicaimaginghub/thunder/
https://www.imperial.ac.uk/engineering/departments/bioengineering/student-wellbeing/end-of-term-resources/
https://www.imperial.ac.uk/engineering/departments/bioengineering/admin/current-ug/bio-med/
https://www.imperial.ac.uk/bioengineering/people/academic-staff-and-research-fellows/#section-nav
https://www.imperial.ac.uk/engineering/departments/bioengineering/study/undergraduate/student-experience/
https://www.imperial.ac.uk/engineering/departments/bioengineering/study/postgraduate-research/mrs-med-device-design/medical-device-entrepreneurship-elevator-pitch-event-/
https://www.imperial.ac.uk/engineering/departments/bioengineering/admin/research/doctoral/
https://www.imperial.ac.uk/engineering/departments/bioengineering/admin/info/grants/translation-grant/
https://www.imperial.ac.uk/engineering/departments/bioengineering/admin/info/safety-archive-jan2024/research-space-safety/
https://www.imperial.ac.uk/engineering/departments/bioengineering/admin/research/mres/
http://www.bg.ic.ac.uk/research/c.clopath/
https://www.imperial.ac.uk/engineering/departments/bioengineering/research/biomedical-sensing-diagnostics-and-imaging/
https://www.imperial.ac.uk/engineering/departments/bioengineering/admin/info/safety-archive-jan2024/first-aiders-and-fire-wardens/
https://www.imperial.ac.uk/engineering/departments/bioengineering/study/postgraduate-research/doctoral/career/
http://www.imperial.ac.uk/people/mengxing.tang
https://www.imperial.ac.uk/engineering/departments/bioengineering/people/
https://www.imperial.ac.uk/engineering/departments/bioengineering/study/postgraduate-taught/study/postgraduate-research/doctoral/career/
https://www.imperial.ac.uk/engineering/departments/bioengineering/study/postgraduate-research/
https://www.imperial.ac.uk/engineering/departments/bioengineering/research/research-impact/industry-partnerships/
http://www.imperial.ac.uk/synthetic-biology
https://www.imperial.ac.uk/people/e.bignell
https://www.imperial.ac.uk/engineering/departments/bioengineering/admin/info/hotdesking/
https://www.imperial.ac.uk/engineering/departments/bioengineering/admin/info/safety-archive-jan2024/
https://www.imperial.ac.uk/engineering/departments/bioengineering/research/research-impact/outreach/
https://www.imperial.ac.uk/engineering/departments/bioengineering/people/entrepreneurs-in-residence-/
https://www.imperial.ac.uk/engineering/departments/bioengineering/study/postgraduate-research/mres-cancer-technology/mres-research-projects-for-ct/
https://www.imperial.ac.uk/bioengineering/people/academic-staff-and-research-fellows/#tabpanel_120149-4
https://www.imperial.ac.uk/people/j.smith
https://www.imperial.ac.uk/engineering/departments/bioengineering/study/undergraduate/intercalated-bsc/
https://www.imperial.ac.uk/engineering/departments/bioengineering/study/postgraduate-taught/study/postgraduate-research/doctoral/apply/
https://www.imperial.ac.uk/engineering/departments/bioengineering/study/postgraduate-research/doctoral/whyapply/
https://www.imperial.ac.uk/engineering/departments/bioengineering/study/postgraduate-taught/study/career/
https://www.imperial.ac.uk/engineering/departments/bioengineering/study/postgraduate-taught/study/postgraduate-research/mrs-med-device-design/
https://www.imperial.ac.uk/engineering/departments/bioengineering/admin/current-pgt/administration-systems-for-students/
https://www.imperial.ac.uk/people/sophie.morse11
https://www.imperial.ac.uk/engineering/departments/bioengineering/admin/current-pgt/msc-bme/
https://www.imperial.ac.uk/people/d.zhang17
https://www.imperial.ac.uk/people/g.yang
https://www.imperial.ac.uk/engineering/departments/bioengineering/admin/info/safety-archive-jan2024/risk-assessment/
https://ballestergroup.github.io/
http://www.guderesearch.com/
http://www.imperial.ac.uk/people/p.hashemi04
https://www.imperial.ac.uk/engineering/departments/bioengineering/student-wellbeing/faqs-including-information-on-urgent-help/
https://www.imperial.ac.uk/study/courses/undergraduate/2025/biomedical-technology-ventures/
https://www.imperial.ac.uk/engineering/departments/bioengineering/study/postgraduate-taught/study/postgraduate-research/mres-bioengineering/projects/
https://www.imperial.ac.uk/engineering/departments/bioengineering/people/committees--supplementary-roles/
http://www.bg.ic.ac.uk/research/m.tang/
https://www.imperial.ac.uk/people/a.ramasamy09
https://www.innovationinfo.org/journal/editorial_board_member/Dr-Michael-William-Rampling
https://www.imperial.ac.uk/engineering/departments/bioengineering/contact-us/
https://www.imperial.ac.uk/people/david.woodward
https://www.imperial.ac.uk/people/n.newell09
https://www.imperial.ac.uk/engineering/departments/bioengineering/research/opportunities-within-the-bioengineering-department/
https://www.imperial.ac.uk/engineering/departments/bioengineering/study/postgraduate-taught/study/undergraduate/
https://www.imperial.ac.uk/engineering/departments/bioengineering/study/undergraduate/interview-guidance/
https://www.salemlab.org/
http://www.imperial.ac.uk/people/a.bull
https://www.imperial.ac.uk/engineering/departments/bioengineering/study/information-for-schools/
https://www.imperial.ac.uk/engineering/departments/bioengineering/admin/current-ug/mol-bio/
https://www.imperial.ac.uk/engineering/departments/bioengineering/admin/info/safety-archive-jan2024/training/
https://www.pantazis-lab.org/
https://www.imperial.ac.uk/engineering/departments/bioengineering/study/postgraduate-taught/study/postgraduate-research/mres-cancer-technology/mres-research-projects-for-ct/
https://www.imperial.ac.uk/engineering/departments/bioengineering/study/postgraduate-research/mres-bioengineering/projects/
https://www.imperial.ac.uk/ocular-biomechanics/
https://www.imperial.ac.uk/engineering/departments/bioengineering/study/postgraduate-taught/study/postgraduate-taught/
https://www.imperial.ac.uk/engineering/departments/bioengineering/admin/current-ug/btv/
https://www.imperial.ac.uk/engineering/departments/bioengineering/admin/info/grants/
http://www.imperial.ac.uk/people/d.ohare
https://www.imperial.ac.uk/engineering/departments/bioengineering/admin/info/recruitment-process/
https://yaplab.github.io/LabHome.htm
https://www.imperial.ac.uk/engineering/departments/bioengineering/research/biomechanics-and-mechanobiology/
http://www.kozlovlab.com/
https://www.imperial.ac.uk/engineering/departments/bioengineering/study/career/
https://www.imperial.ac.uk/engineering/departments/bioengineering/about/facilities-and-services/bioscience-cores/
http://www.imperial.ac.uk/people/robert.dickinson
https://www.imperial.ac.uk/engineering/departments/bioengineering/study/postgraduate-taught/study/undergraduate/intercalated-bsc/
https://www.imperial.ac.uk/engineering/departments/bioengineering/admin/
https://www.imperial.ac.uk/collegedirectory/index.asp?PeopleID=846156
https://www.imperial.ac.uk/engineering/departments/bioengineering/industry/
https://www.imperial.ac.uk/engineering/departments/bioengineering/admin/info/
https://www.imperial.ac.uk/people/k.parker
http://www.imperial.ac.uk/people/nick.linton
https://www.imperial.ac.uk/bioengineering/people/academic-staff-and-research-fellows/
https://www.imperial.ac.uk/bioengineering/people/academic-staff-and-research-fellows/#tabpanel_120149-2
https://www.imperial.ac.uk/engineering/departments/bioengineering/study/postgraduate-taught/study/postgraduate-research/mres-cancer-technology/frequently-asked-questions/
https://www.imperial.ac.uk/engineering/departments/bioengineering/study/postgraduate-taught/study/postgraduate-research/doctoral/whyapply/
https://www.imperial.ac.uk/people/w.macdonald
http://www.imperial.ac.uk/people/claire.stanley
https://www.imperial.ac.uk/engineering/departments/bioengineering/study/
https://www.imperial.ac.uk/engineering/departments/bioengineering/research/research-impact/clinical-impact/
https://www.imperial.ac.uk/engineering/departments/bioengineering/study/postgraduate-taught/study/postgraduate-research/mres-cancer-technology/
http://www.imperial.ac.uk/people/d.farina
http://www.imperial.ac.uk/people/m.boutelle
https://www.imperial.ac.uk/people/juan-alvaro.gallego
https://dyneumo.ic.ac.uk/
https://www.imperial.ac.uk/engineering/departments/bioengineering/study/postgraduate-taught/study/postgraduate-research/mres-bioengineering/
https://www.imperial.ac.uk/engineering/departments/bioengineering/about/visit-us/
http://www.imperial.ac.uk/people/a.foust
https://www.imperial.ac.uk/people/h.amadi
https://www.imperial.ac.uk/engineering/departments/bioengineering/admin/info/safety-archive-jan2024/on-site/
http://www3.imperial.ac.uk/people/b.almquist
https://www.imperial.ac.uk/engineering/departments/bioengineering/about/facilities-and-services/bioscience-cores/imperialleicaimaginghub/modelling/
https://www.imperial.ac.uk/engineering/departments/bioengineering/admin/teaching-management/
http://www.imperial.ac.uk/people/rylie.green
https://www.imperial.ac.uk/engineering/departments/bioengineering/study/postgraduate-taught/
http://www.bg.ic.ac.uk/research/r.dickinson/
https://www.imperial.ac.uk/engineering/departments/bioengineering/research/
http://www.imperial.ac.uk/musculoskeletal-mechanics
https://www.imperial.ac.uk/people/p.lally
http://www.imperial.ac.uk/people/p.pantazis
https://www.imperial.ac.uk/engineering/departments/bioengineering/student-wellbeing/
https://www.imperial.ac.uk/bioengineering/people/academic-staff-and-research-fellows/#tabpanel_120149-3
https://www.claire-stanley.com/
https://www.imperial.ac.uk/engineering/departments/bioengineering/study/postgraduate-research/doctoral/apply/
https://www.imperial.ac.uk/people/m.fertleman
https://www.imperial.ac.uk/engineering/departments/bioengineering/research/medical-devices/
http://www.imperial.ac.uk/people/b.almquist
https://www.imperial.ac.uk/engineering/departments/bioengineering/whats-on/
https://ishihara.labby.jp/
https://www.imperial.ac.uk/engineering/departments/bioengineering/study/undergraduate/intercalated-bsc/intercalated-faqs/
http://www.imperial.ac.uk/people/h.g.krapp
http://www.bg.ic.ac.uk/research/d.ohare/
http://www.imperial.ac.uk/people/t.ouldridge
https://www.imperial.ac.uk/people/jonathan.breeze
https://www.imperial.ac.uk/engineering/departments/bioengineering/people/research-staff/
https://www.imperial.ac.uk/biomechanics-test-suite
https://ladamebioenglab.weebly.com/
http://www.kedgley.org/
https://www.imperial.ac.uk/bioengineering/people/academic-staff-and-research-fellows/#content
http://opticalneurophysiology.org/
https://www.imperial.ac.uk/engineering/departments/bioengineering/about/facilities-and-services/
https://www.imperial.ac.uk/engineering/departments/bioengineering/admin/info/policies/
https://www.imperial.ac.uk/people/j.ishihara
http://www.imperial.ac.uk/people/s.schultz
http://www.imperial.ac.uk/people/e.drakakis
http://www.bg.ic.ac.uk/research/c.lee/
https://www.intelligentrobotics-acrossscales.com/
https://www.imperial.ac.uk/people/maria.parkes04
https://www.imperial.ac.uk/engineering/departments/bioengineering/research/research-impact/technologies-/
https://www.imperial.ac.uk/engineering/departments/bioengineering/admin/current-pgt/msc-engineering-for-biomedicine/
http://www.imperial.ac.uk/people/r.tanaka
https://www.imperial.ac.uk/engineering/departments/bioengineering/study/postgraduate-research/mres-neurotechnology/projects/
http://www.imperial.ac.uk/people/r.kitney
https://www.imperial.ac.uk/engineering/departments/bioengineering/study/postgraduate-taught/study/undergraduate/intercalated-bsc/intercalated-faqs/
https://www.imperial.ac.uk/study/courses/undergraduate/2025/biomedical-engineering/
https://profiles.imperial.ac.uk/n.bangerter
https://www.imperial.ac.uk/engineering/departments/bioengineering/admin/uta/
https://www.imperial.ac.uk/engineering/departments/bioengineering/study/postgraduate-research/mres-neurotechnology/
https://www.imperial.ac.uk/engineering/departments/bioengineering/study/bioengineering-virtual-resources/
https://www.imperial.ac.uk/engineering/departments/bioengineering/admin/info/safety-archive-jan2024/trainingmatrix/
https://www.imperial.ac.uk/engineering/departments/bioengineering/admin/gta/
https://htlinlab.com/
https://www.yanglab.fyi/
https://www.imperial.ac.uk/engineering/departments/bioengineering/admin/current-pgt/
https://www.imperial.ac.uk/engineering/departments/bioengineering/study/undergraduate/ug-faqs/
http://www.schultzlab.org/
https://www.imperial.ac.uk/engineering/departments/bioengineering/admin/current-ug/
http://www.bg.ic.ac.uk/research/h.krapp
https://www.imperial.ac.uk/engineering/departments/bioengineering/study/postgraduate-taught/study/undergraduate/interview-guidance/
http://www.imperial.ac.uk/people/f.guder
https://www.imperial.ac.uk/people/m.taghavi
http://www.imperial.ac.uk/people/s.masouros04
https://www.imperial.ac.uk/engineering/departments/bioengineering/admin/info/open-access-guidance/
https://www.imperial.ac.uk/engineering/departments/bioengineering/study/postgraduate-research/mres-cancer-technology/
https://www.imperial.ac.uk/engineering/departments/bioengineering/study/postgraduate-taught/study/postgraduate-research/mres-neurotechnology/
https://www.imperial.ac.uk/engineering/departments/bioengineering/student-wellbeing/staff-resources/
http://www.imperial.ac.uk/people/c.higgins
https://www.imperial.ac.uk/engineering/departments/bioengineering/about/facilities-and-services/bioscience-cores/imperialleicaimaginghub/
http://www.imperial.ac.uk/people/p.chadderton
https://www.imperial.ac.uk/engineering/departments/bioengineering/study/postgraduate-research/doctoral/funding/studentships/
https://www.imperial.ac.uk/engineering/departments/bioengineering/about/bioengineering_lecture/
https://www.imperial.ac.uk/study/courses/postgraduate-taught/human-biological-robotics/
https://www.imperial.ac.uk/engineering/departments/bioengineering/study/postgraduate-taught/study/information-for-schools/
http://www.imperial.ac.uk/people/c.clopath
http://www.imperial.ac.uk/people/h.lin
http://www.imperial.ac.uk/people/c.rowlands
https://www.imperial.ac.uk/engineering/departments/bioengineering/study/postgraduate-taught/study/bioengineering-virtual-resources/
https://www.vbslab.uk/
https://www.imperial.ac.uk/study/pg/bioengineering/engineering-biomedicine/
https://www.imperial.ac.uk/people/p.ballester
https://www.imperial.ac.uk/engineering/departments/bioengineering/admin/info/safety-archive-jan2024/researchreturn/
https://www.imperial.ac.uk/people/j.siggers
https://www.imperial.ac.uk/engineering/departments/bioengineering/industry/students/
